Date,Day,Breakfast,Breakfast Fruit,Lunch,Lunch Vegetable,Lunch Fruit,PM Snack
10/1/2026,Thursday,Mini Croissant,Pineapple,Chicken Tacos w/ Tortilla,Fajita Peppers & Corn,Pineapple,Yogurt + Pineapple
10/2/2026,Friday,Muffin,Banana,Chicken Nuggets w/ Mashed Potatoes & Bread,Corn,Banana,Cheese Stick + Crackers
10/5/2026,Monday,Bagel,Apple,BBQ Chicken w/ Rice,Mixed Vegetables,Apple,Hummus + Crackers
10/6/2026,Tuesday,Cornbread,Orange,Cheese Pizza,Yams & Broccoli,Orange,Carrot & Cucumber Sticks + Hummus
10/7/2026,Wednesday,Waffles,Cantaloupe,Beef Meatballs w/ Spaghetti,Mixed Vegetables,Cantaloupe,Cheese Stick + Crackers
10/8/2026,Thursday,English Muffin,Strawberries,Chicken Snack Wrap w/ Tortilla,Zucchini,Strawberries,Muffin + Milk
10/9/2026,Friday,Cereal,Banana,Beef Burger w/ Bun & Mashed Potatoes,Corn,Banana,Hummus + Crackers
10/12/2026,Monday,OFF,,OFF,,,
10/13/2026,Tuesday,Mini Croissant,Pineapple,Orange Chicken w/ Rice,Broccoli,Pineapple,Yogurt + Pineapple
10/14/2026,Wednesday,Muffin,Apple,Cheese Pizza,Broccoli,Apple,Cheese Stick + Crackers
10/15/2026,Thursday,French Toast,Blueberries,Beef Meatballs w/ Pasta,Mixed Vegetables,Blueberries,Carrot & Cucumber Sticks + Hummus
10/16/2026,Friday,Cereal,Orange,Chicken Burger w/ Bun,Corn,Orange,Cornbread + Milk
10/19/2026,Monday,English Muffin,Banana,Honey Glazed Grilled Chicken w/ Rice,Broccoli,Banana,Yogurt + Banana
10/20/2026,Tuesday,Cornbread,Watermelon,Chicken Nuggets w/ Bun & Mashed Potatoes,Corn,Watermelon,Cheese Stick + Crackers
10/21/2026,Wednesday,Pancakes,Apple,Chicken Parmesan w/ Pasta,Mixed Vegetables,Apple,Hummus + Crackers
10/22/2026,Thursday,Mini Croissant,Strawberries,Cheese Pizza,Yams & California Vegetables,Strawberries,Yogurt + Strawberries
10/23/2026,Friday,Muffin,Orange,Beef Meatballs w/ Pasta,Broccoli,Orange,Cheese Stick + Crackers
10/26/2026,Monday,Bagel,Banana,Sunburst Chicken w/ Yellow Rice,Carrots,Banana,Carrot & Cucumber Sticks + Hummus
10/27/2026,Tuesday,Waffles,Pineapple,Chicken Tacos w/ Tortillas,Corn & Peppers,Pineapple,Yogurt + Pineapple
10/28/2026,Wednesday,English Muffin,Pear,Cheese Pizza,Yams & California Vegetables,Pear,Cheese Stick + Crackers
10/29/2026,Thursday,French Toast,Honeydew,Beef Bolognese w/ Spaghetti,Corn,Honeydew,Hummus + Crackers
10/30/2026,Friday,Cereal,Apple,Beef Burger w/ Bun & Mashed Potatoes,Corn,Apple,Muffin + Milk
